{"cameraMode":{"drawMode":0,"name":"Shaded","section":"Shading Mode"},"sceneLighting":true,"audioPlay":false,"sceneViewState":{"showFog":true,"showMaterialUpdate":false,"showSkybox":true,"showFlares":true,"showImageEffects":true,"showParticleSystems":true},"in2DMode":false,"pivot":{"x":1.546142578125,"y":0.25189208984375,"z":0.17578125},"rotation":{"x":-0.013806218281388283,"y":0.021594174206256868,"z":-0.00029589628684334457,"w":-0.9996737241744995},"size":18.067712783813478,"orthographic":true}