{"cameraMode":{"drawMode":0,"name":"Shaded","section":"Shading Mode"},"sceneLighting":true,"audioPlay":false,"sceneViewState":{"showFog":true,"showMaterialUpdate":false,"showSkybox":true,"showFlares":true,"showImageEffects":true,"showParticleSystems":true},"in2DMode":false,"pivot":{"x":-3.0391077995300295,"y":-1.7082014083862305,"z":4.234855651855469},"rotation":{"x":0.0001601311087142676,"y":0.9994340538978577,"z":-0.004806955810636282,"w":0.03329437971115112},"size":17.65026092529297,"orthographic":false}