{"cameraMode":{"drawMode":0,"name":"Shaded","section":"Shading Mode"},"sceneLighting":true,"audioPlay":false,"sceneViewState":{"showFog":true,"showMaterialUpdate":false,"showSkybox":true,"showFlares":true,"showImageEffects":true,"showParticleSystems":true},"in2DMode":false,"pivot":{"x":4.431887626647949,"y":3.9470081329345705,"z":-19.46497344970703},"rotation":{"x":-0.1060754656791687,"y":-0.09916841983795166,"z":0.010632211342453957,"w":-0.9893471002578735},"size":40.90745162963867,"orthographic":false}