{"cameraMode":{"drawMode":0,"name":"Shaded","section":"Shading Mode"},"sceneLighting":true,"audioPlay":false,"sceneViewState":{"showFog":true,"showMaterialUpdate":false,"showSkybox":true,"showFlares":true,"showImageEffects":true,"showParticleSystems":true},"in2DMode":false,"pivot":{"x":22.214111328125,"y":-0.15489578247070313,"z":2.0185546875},"rotation":{"x":-0.0018076353007927538,"y":0.0500769317150116,"z":-0.00008830398292047903,"w":-0.9987460374832153},"size":9.734203338623047,"orthographic":true}