{"cameraMode":{"drawMode":0,"name":"Shaded","section":"Shading Mode"},"sceneLighting":false,"audioPlay":false,"sceneViewState":{"showFog":true,"showMaterialUpdate":false,"showSkybox":true,"showFlares":true,"showImageEffects":true,"showParticleSystems":true},"in2DMode":false,"pivot":{"x":0.98748779296875,"y":0.0106201171875,"z":0.09521484375},"rotation":{"x":0.06318656355142594,"y":-0.050567205995321277,"z":0.0032033745665103199,"w":0.99671870470047},"size":2.2796270847320558,"orthographic":true}