{"cameraMode":{"drawMode":0,"name":"Shaded","section":"Shading Mode"},"sceneLighting":true,"audioPlay":false,"sceneViewState":{"showFog":true,"showMaterialUpdate":false,"showSkybox":true,"showFlares":true,"showImageEffects":true,"showParticleSystems":true},"in2DMode":false,"pivot":{"x":21.779584884643556,"y":10.717766761779786,"z":3.2075891494750978},"rotation":{"x":-0.0018076353007927538,"y":0.0500769317150116,"z":-0.00008830398292047903,"w":-0.9987460374832153},"size":60.05872344970703,"orthographic":true}