{"cameraMode":{"drawMode":0,"name":"Shaded","section":"Shading Mode"},"sceneLighting":true,"audioPlay":false,"sceneViewState":{"showFog":true,"showMaterialUpdate":false,"showSkybox":true,"showFlares":true,"showImageEffects":true,"showParticleSystems":true},"in2DMode":false,"pivot":{"x":4.33056640625,"y":6.017333984375,"z":-0.98046875},"rotation":{"x":0.04073883593082428,"y":0.053923942148685458,"z":-0.0022015844006091358,"w":0.9977132081985474},"size":13.64670181274414,"orthographic":true}