{"cameraMode":{"drawMode":0,"name":"Shaded","section":"Shading Mode"},"sceneLighting":true,"audioPlay":false,"sceneViewState":{"showFog":true,"showMaterialUpdate":false,"showSkybox":true,"showFlares":true,"showImageEffects":true,"showParticleSystems":true},"in2DMode":false,"pivot":{"x":9.076568603515625,"y":-2.347625732421875,"z":0.603515625},"rotation":{"x":-0.013806218281388283,"y":0.021594174206256868,"z":-0.00029589628684334457,"w":-0.9996737241744995},"size":20.804941177368165,"orthographic":true}