{"cameraMode":{"drawMode":0,"name":"Shaded","section":"Shading Mode"},"sceneLighting":true,"audioPlay":false,"sceneViewState":{"showFog":true,"showMaterialUpdate":false,"showSkybox":true,"showFlares":true,"showImageEffects":true,"showParticleSystems":true},"in2DMode":false,"pivot":{"x":2.620361328125,"y":-1.38409423828125,"z":-4.76953125},"rotation":{"x":0.007183076348155737,"y":0.04408250004053116,"z":0.0003192971635144204,"w":-0.9990043044090271},"size":37.26310348510742,"orthographic":true}