{"cameraMode":{"drawMode":0,"name":"Shaded","section":"Shading Mode"},"sceneLighting":false,"audioPlay":false,"sceneViewState":{"showFog":true,"showMaterialUpdate":false,"showSkybox":true,"showFlares":true,"showImageEffects":true,"showParticleSystems":true},"in2DMode":false,"pivot":{"x":0.04046630859375,"y":0.01348876953125,"z":-0.006591796875},"rotation":{"x":0.06318656355142594,"y":-0.050567205995321277,"z":0.0032033745665103199,"w":0.99671870470047},"size":1.3274232149124146,"orthographic":true}