{"cameraMode":{"drawMode":0,"name":"Shaded","section":"Shading Mode"},"sceneLighting":true,"audioPlay":false,"sceneViewState":{"showFog":true,"showMaterialUpdate":false,"showSkybox":true,"showFlares":true,"showImageEffects":true,"showParticleSystems":true},"in2DMode":false,"pivot":{"x":-14.4365234375,"y":20.09515380859375,"z":-6.83984375},"rotation":{"x":-0.0018076353007927538,"y":0.0500769317150116,"z":-0.00008830398292047903,"w":-0.9987460374832153},"size":12.277132987976075,"orthographic":true}