{"cameraMode":{"drawMode":0,"name":"Shaded","section":"Shading Mode"},"sceneLighting":true,"audioPlay":false,"sceneViewState":{"showFog":true,"showMaterialUpdate":false,"showSkybox":true,"showFlares":true,"showImageEffects":true,"showParticleSystems":true},"in2DMode":false,"pivot":{"x":693.4288330078125,"y":462.1278076171875,"z":-2.01605224609375},"rotation":{"x":-0.025187185034155847,"y":0.005993444472551346,"z":0.0001507116830907762,"w":0.999668538570404},"size":981.8485717773438,"orthographic":false}