{"cameraMode":{"drawMode":0,"name":"Shaded","section":"Shading Mode"},"sceneLighting":false,"audioPlay":false,"sceneViewState":{"showFog":true,"showMaterialUpdate":false,"showSkybox":true,"showFlares":true,"showImageEffects":true,"showParticleSystems":true},"in2DMode":false,"pivot":{"x":-0.2913781702518463,"y":0.10710471868515015,"z":-0.01922750473022461},"rotation":{"x":-0.06623869389295578,"y":0.026037033647298814,"z":-0.0017288653180003167,"w":-0.9974645972251892},"size":2.104994058609009,"orthographic":false}