{"cameraMode":{"drawMode":0,"name":"Shaded","section":"Shading Mode"},"sceneLighting":false,"audioPlay":false,"sceneViewState":{"showFog":true,"showMaterialUpdate":false,"showSkybox":true,"showFlares":true,"showImageEffects":true,"showParticleSystems":true},"in2DMode":false,"pivot":{"x":1.553301215171814,"y":-6.4198808670043949,"z":-21.384958267211915},"rotation":{"x":0.007809530943632126,"y":-0.004505114164203405,"z":0.000035143628338119015,"w":0.9999613165855408},"size":22.0,"orthographic":false}