{"cameraMode":{"drawMode":0,"name":"Shaded","section":"Shading Mode"},"sceneLighting":false,"audioPlay":false,"sceneViewState":{"showFog":true,"showMaterialUpdate":false,"showSkybox":true,"showFlares":true,"showImageEffects":true,"showParticleSystems":true},"in2DMode":false,"pivot":{"x":-0.0051422119140625,"y":-0.0205078125,"z":0.0224609375},"rotation":{"x":-0.04679282009601593,"y":0.002095221308991313,"z":-0.00009782199049368501,"w":-0.9989063143730164},"size":2.270231008529663,"orthographic":true}