{"cameraMode":{"drawMode":0,"name":"Shaded","section":"Shading Mode"},"sceneLighting":true,"audioPlay":false,"sceneViewState":{"showFog":true,"showMaterialUpdate":false,"showSkybox":true,"showFlares":true,"showImageEffects":true,"showParticleSystems":true},"in2DMode":false,"pivot":{"x":0.28077980875968935,"y":-0.6795482635498047,"z":-0.4923887252807617},"rotation":{"x":-0.027281835675239564,"y":0.04256906360387802,"z":-0.00116114248521626,"w":-0.9987256526947022},"size":12.110153198242188,"orthographic":true}