{"cameraMode":{"drawMode":0,"name":"Shaded","section":"Shading Mode"},"sceneLighting":true,"audioPlay":false,"sceneViewState":{"showFog":true,"showMaterialUpdate":false,"showSkybox":true,"showFlares":true,"showImageEffects":true,"showParticleSystems":true},"in2DMode":false,"pivot":{"x":3.147216796875,"y":10.02001953125,"z":-0.78515625},"rotation":{"x":0.07455404847860336,"y":0.04246636852622032,"z":0.0031780414283275606,"w":-0.9963186383247376},"size":23.7058162689209,"orthographic":true}