{"cameraMode":{"drawMode":0,"name":"Shaded","section":"Shading Mode"},"sceneLighting":false,"audioPlay":false,"sceneViewState":{"showFog":true,"showMaterialUpdate":false,"showSkybox":true,"showFlares":true,"showImageEffects":true,"showParticleSystems":true},"in2DMode":false,"pivot":{"x":-13.740936279296875,"y":9.56500244140625,"z":-4.49560546875},"rotation":{"x":-0.010805719532072544,"y":0.02759324200451374,"z":-0.0002947592583950609,"w":-0.9995763301849365},"size":3.1822121143341066,"orthographic":true}