{"cameraMode":{"drawMode":0,"name":"Shaded","section":"Shading Mode"},"sceneLighting":true,"audioPlay":false,"sceneViewState":{"showFog":true,"showMaterialUpdate":false,"showSkybox":true,"showFlares":true,"showImageEffects":true,"showParticleSystems":true},"in2DMode":false,"pivot":{"x":57.003177642822269,"y":-2.9794702529907228,"z":0.026378631591796876},"rotation":{"x":0.024306857958436014,"y":0.007493132725358009,"z":-0.00018172382260672748,"w":0.9996812343597412},"size":28.74840545654297,"orthographic":false}