{"cameraMode":{"drawMode":0,"name":"Shaded","section":"Shading Mode"},"sceneLighting":false,"audioPlay":false,"sceneViewState":{"showFog":true,"showMaterialUpdate":false,"showSkybox":true,"showFlares":true,"showImageEffects":true,"showParticleSystems":true},"in2DMode":false,"pivot":{"x":-59.79498291015625,"y":1.0595703125,"z":-1.4921875},"rotation":{"x":-0.05278530716896057,"y":0.005090976599603891,"z":-0.00026557230739854276,"w":-0.99860680103302},"size":45.03850555419922,"orthographic":true}