{"cameraMode":{"drawMode":0,"name":"Shaded","section":"Shading Mode"},"sceneLighting":false,"audioPlay":false,"sceneViewState":{"showFog":true,"showMaterialUpdate":false,"showSkybox":true,"showFlares":true,"showImageEffects":true,"showParticleSystems":true},"in2DMode":false,"pivot":{"x":12.699999809265137,"y":4.860000133514404,"z":0.0},"rotation":{"x":-0.05278530716896057,"y":0.005090976599603891,"z":-0.00026557230739854276,"w":-0.99860680103302},"size":13.99978256225586,"orthographic":true}