{"cameraMode":{"drawMode":0,"name":"Shaded","section":"Shading Mode"},"sceneLighting":true,"audioPlay":false,"sceneViewState":{"showFog":true,"showMaterialUpdate":false,"showSkybox":true,"showFlares":true,"showImageEffects":true,"showParticleSystems":true},"in2DMode":false,"pivot":{"x":60.88623046875,"y":-3.97119140625,"z":33.76171875},"rotation":{"x":-0.05877670645713806,"y":-0.0009005841566249728,"z":0.00005424830305855721,"w":-0.9982850551605225},"size":19.293928146362306,"orthographic":true}