{"cameraMode":{"drawMode":0,"name":"Shaded","section":"Shading Mode"},"sceneLighting":true,"audioPlay":false,"sceneViewState":{"showFog":true,"showMaterialUpdate":false,"showSkybox":true,"showFlares":true,"showImageEffects":true,"showParticleSystems":true},"in2DMode":false,"pivot":{"x":61.93487548828125,"y":-7.5859375,"z":-3.30078125},"rotation":{"x":-0.06476372480392456,"y":-0.0068876552395522598,"z":0.0004488079284783453,"w":-0.9978916049003601},"size":17.74642562866211,"orthographic":true}