{"cameraMode":{"drawMode":0,"name":"Shaded","section":"Shading Mode"},"sceneLighting":true,"audioPlay":false,"sceneViewState":{"showFog":true,"showMaterialUpdate":false,"showSkybox":true,"showFlares":true,"showImageEffects":true,"showParticleSystems":true},"in2DMode":false,"pivot":{"x":1.765917420387268,"y":-0.4641202986240387,"z":-1.162690281867981},"rotation":{"x":-0.06476372480392456,"y":-0.0068876552395522598,"z":0.0004488079284783453,"w":-0.9978916049003601},"size":30.355098724365236,"orthographic":true}