{"cameraMode":{"drawMode":0,"name":"Shaded","section":"Shading Mode"},"sceneLighting":false,"audioPlay":false,"sceneViewState":{"showFog":true,"showMaterialUpdate":false,"showSkybox":true,"showFlares":true,"showImageEffects":true,"showParticleSystems":true},"in2DMode":false,"pivot":{"x":5.8199462890625,"y":9.666168212890625,"z":-3.6875},"rotation":{"x":-0.006307531613856554,"y":0.027594290673732759,"z":-0.000170579383848235,"w":-0.9996148347854614},"size":44.32572937011719,"orthographic":true}