{"cameraMode":{"drawMode":0,"name":"Shaded","section":"Shading Mode"},"sceneLighting":false,"audioPlay":false,"sceneViewState":{"showFog":true,"showMaterialUpdate":false,"showSkybox":true,"showFlares":true,"showImageEffects":true,"showParticleSystems":true},"in2DMode":false,"pivot":{"x":0.35083314776420596,"y":-0.5860115885734558,"z":-0.019419431686401368},"rotation":{"x":0.00268983980640769,"y":-0.018901564180850984,"z":-0.00005077894093119539,"w":-0.9998185038566589},"size":4.416374683380127,"orthographic":false}