{"cameraMode":{"drawMode":0,"name":"Shaded","section":"Shading Mode"},"sceneLighting":true,"audioPlay":false,"sceneViewState":{"showFog":true,"showMaterialUpdate":false,"showSkybox":true,"showFlares":true,"showImageEffects":true,"showParticleSystems":true},"in2DMode":false,"pivot":{"x":-1.653076171875,"y":3.8216552734375,"z":-2.33984375},"rotation":{"x":-0.01980617642402649,"y":0.015593977645039559,"z":-0.00030887959292158484,"w":-0.9996924996376038},"size":36.6610221862793,"orthographic":true}