{"cameraMode":{"drawMode":0,"name":"Shaded","section":"Shading Mode"},"sceneLighting":true,"audioPlay":false,"sceneViewState":{"showFog":true,"showMaterialUpdate":false,"showSkybox":true,"showFlares":true,"showImageEffects":true,"showParticleSystems":true},"in2DMode":false,"pivot":{"x":-6.50898551940918,"y":-3.8404407501220705,"z":25.701812744140626},"rotation":{"x":-0.07809443026781082,"y":0.05888332426548004,"z":-0.004619542974978685,"w":-0.9952093958854675},"size":14.2724609375,"orthographic":true}