{"cameraMode":{"drawMode":0,"name":"Shaded","section":"Shading Mode"},"sceneLighting":false,"audioPlay":false,"sceneViewState":{"showFog":true,"showMaterialUpdate":false,"showSkybox":true,"showFlares":true,"showImageEffects":true,"showParticleSystems":true},"in2DMode":false,"pivot":{"x":-8.6668701171875,"y":-10.912872314453125,"z":-0.876953125},"rotation":{"x":-0.006307531613856554,"y":0.027594290673732759,"z":-0.000170579383848235,"w":-0.9996148347854614},"size":16.44036102294922,"orthographic":true}