{"cameraMode":{"drawMode":0,"name":"Shaded","section":"Shading Mode"},"sceneLighting":true,"audioPlay":false,"sceneViewState":{"showFog":true,"showMaterialUpdate":false,"showSkybox":true,"showFlares":true,"showImageEffects":true,"showParticleSystems":true},"in2DMode":false,"pivot":{"x":218.1885528564453,"y":120.7835693359375,"z":3.852508544921875},"rotation":{"x":0.007809530943632126,"y":-0.004505114164203405,"z":0.000035143628338119015,"w":0.9999613165855408},"size":695.30712890625,"orthographic":false}