{"cameraMode":{"drawMode":0,"name":"Shaded","section":"Shading Mode"},"sceneLighting":false,"audioPlay":false,"sceneViewState":{"showFog":true,"showMaterialUpdate":false,"showSkybox":true,"showFlares":true,"showImageEffects":true,"showParticleSystems":true},"in2DMode":false,"pivot":{"x":-3.2509765625,"y":-9.15533447265625,"z":-1.033203125},"rotation":{"x":-0.010805719532072544,"y":0.02759324200451374,"z":-0.0002947592583950609,"w":-0.9995763301849365},"size":25.355161666870118,"orthographic":true}