{"cameraMode":{"drawMode":0,"name":"Shaded","section":"Shading Mode"},"sceneLighting":false,"audioPlay":false,"sceneViewState":{"showFog":true,"showMaterialUpdate":false,"showSkybox":true,"showFlares":true,"showImageEffects":true,"showParticleSystems":true},"in2DMode":false,"pivot":{"x":2.680000066757202,"y":4.610000133514404,"z":0.0},"rotation":{"x":0.07455404847860336,"y":0.04246636852622032,"z":0.0031780414283275606,"w":-0.9963186383247376},"size":21.608448028564454,"orthographic":true}