{"cameraMode":{"drawMode":0,"name":"Shaded","section":"Shading Mode"},"sceneLighting":true,"audioPlay":false,"sceneViewState":{"showFog":true,"showMaterialUpdate":false,"showSkybox":true,"showFlares":true,"showImageEffects":true,"showParticleSystems":true},"in2DMode":false,"pivot":{"x":850.6539916992188,"y":290.13140869140627,"z":12.19915771484375},"rotation":{"x":0.007809530943632126,"y":-0.004505114164203405,"z":0.000035143628338119015,"w":0.9999613165855408},"size":856.7919311523438,"orthographic":false}