{"cameraMode":{"drawMode":0,"name":"Shaded","section":"Shading Mode"},"sceneLighting":false,"audioPlay":false,"sceneViewState":{"showFog":true,"showMaterialUpdate":false,"showSkybox":true,"showFlares":true,"showImageEffects":true,"showParticleSystems":true},"in2DMode":false,"pivot":{"x":3.4694392681121828,"y":-0.000009486753697274253,"z":-0.31396275758743288},"rotation":{"x":-0.03180411085486412,"y":0.006594543810933828,"z":-0.00020887910795863718,"w":-0.9994855523109436},"size":0.8543558716773987,"orthographic":true}