{"cameraMode":{"drawMode":0,"name":"Shaded","section":"Shading Mode"},"sceneLighting":true,"audioPlay":false,"sceneViewState":{"showFog":true,"showMaterialUpdate":false,"showSkybox":true,"showFlares":true,"showImageEffects":true,"showParticleSystems":true},"in2DMode":false,"pivot":{"x":39.15020751953125,"y":-7.972707748413086,"z":-36.934696197509769},"rotation":{"x":0.007809530943632126,"y":-0.004505114164203405,"z":0.000035143628338119015,"w":0.9999613165855408},"size":20.56645965576172,"orthographic":false}