{"cameraMode":{"drawMode":0,"name":"Shaded","section":"Shading Mode"},"sceneLighting":true,"audioPlay":false,"sceneViewState":{"showFog":true,"showMaterialUpdate":false,"showSkybox":true,"showFlares":true,"showImageEffects":true,"showParticleSystems":true},"in2DMode":false,"pivot":{"x":51.98052978515625,"y":11.9830322265625,"z":-0.306640625},"rotation":{"x":-0.06476372480392456,"y":-0.0068876552395522598,"z":0.0004488079284783453,"w":-0.9978916049003601},"size":6.558581352233887,"orthographic":true}