{"cameraMode":{"drawMode":0,"name":"Shaded","section":"Shading Mode"},"sceneLighting":true,"audioPlay":false,"sceneViewState":{"showFog":true,"showMaterialUpdate":false,"showSkybox":true,"showFlares":true,"showImageEffects":true,"showParticleSystems":true},"in2DMode":false,"pivot":{"x":45.69426727294922,"y":-2.4716796875,"z":-17.3359375},"rotation":{"x":-0.06027408316731453,"y":0.0005967924371361733,"z":-0.00003481207022559829,"w":-0.998196005821228},"size":42.6051025390625,"orthographic":true}