{"cameraMode":{"drawMode":0,"name":"Shaded","section":"Shading Mode"},"sceneLighting":false,"audioPlay":false,"sceneViewState":{"showFog":true,"showMaterialUpdate":false,"showSkybox":true,"showFlares":true,"showImageEffects":true,"showParticleSystems":true},"in2DMode":false,"pivot":{"x":-1.4710617065429688,"y":0.72900390625,"z":0.7998046875},"rotation":{"x":-0.04679282009601593,"y":0.002095221308991313,"z":-0.00009782199049368501,"w":-0.9989063143730164},"size":7.719807147979736,"orthographic":true}