{"cameraMode":{"drawMode":0,"name":"Shaded","section":"Shading Mode"},"sceneLighting":false,"audioPlay":false,"sceneViewState":{"showFog":true,"showMaterialUpdate":false,"showSkybox":true,"showFlares":true,"showImageEffects":true,"showParticleSystems":true},"in2DMode":false,"pivot":{"x":-0.1526959240436554,"y":0.026802480220794679,"z":-0.017320871353149415},"rotation":{"x":-0.021307390183210374,"y":0.00809540692716837,"z":-0.00017192677478305995,"w":-0.9997434020042419},"size":3.4202020168304445,"orthographic":false}