{"cameraMode":{"drawMode":0,"name":"Shaded","section":"Shading Mode"},"sceneLighting":false,"audioPlay":false,"sceneViewState":{"showFog":true,"showMaterialUpdate":false,"showSkybox":true,"showFlares":true,"showImageEffects":true,"showParticleSystems":true},"in2DMode":false,"pivot":{"x":-9.43798828125,"y":-15.66998291015625,"z":-2.0029296875},"rotation":{"x":-0.010805719532072544,"y":0.02759324200451374,"z":-0.0002947592583950609,"w":-0.9995763301849365},"size":9.965883255004883,"orthographic":true}