{"cameraMode":{"drawMode":0,"name":"Shaded","section":"Shading Mode"},"sceneLighting":true,"audioPlay":false,"sceneViewState":{"showFog":true,"showMaterialUpdate":false,"showSkybox":true,"showFlares":true,"showImageEffects":true,"showParticleSystems":true},"in2DMode":false,"pivot":{"x":-3.3095703125,"y":11.93603515625,"z":-0.21875},"rotation":{"x":-0.01980617642402649,"y":0.015593977645039559,"z":-0.00030887959292158484,"w":-0.9996924996376038},"size":19.795957565307618,"orthographic":true}