{"cameraMode":{"drawMode":0,"name":"Shaded","section":"Shading Mode"},"sceneLighting":false,"audioPlay":false,"sceneViewState":{"showFog":true,"showMaterialUpdate":false,"showSkybox":true,"showFlares":true,"showImageEffects":true,"showParticleSystems":true},"in2DMode":false,"pivot":{"x":3.640000343322754,"y":4.610000133514404,"z":0.0},"rotation":{"x":-0.04679282009601593,"y":0.002095221308991313,"z":-0.00009782199049368501,"w":-0.9989063143730164},"size":24.680049896240236,"orthographic":true}