{"cameraMode":{"drawMode":0,"name":"Shaded","section":"Shading Mode"},"sceneLighting":false,"audioPlay":false,"sceneViewState":{"showFog":true,"showMaterialUpdate":false,"showSkybox":true,"showFlares":true,"showImageEffects":true,"showParticleSystems":true},"in2DMode":false,"pivot":{"x":-0.048262666910886767,"y":0.39243921637535097,"z":-0.000036716461181640625},"rotation":{"x":-0.021307390183210374,"y":0.00809540692716837,"z":-0.00017192677478305995,"w":-0.9997434020042419},"size":2.520202159881592,"orthographic":false}