{"cameraMode":{"drawMode":0,"name":"Shaded","section":"Shading Mode"},"sceneLighting":true,"audioPlay":false,"sceneViewState":{"showFog":true,"showMaterialUpdate":false,"showSkybox":true,"showFlares":true,"showImageEffects":true,"showParticleSystems":true},"in2DMode":false,"pivot":{"x":716.1895141601563,"y":528.6220703125,"z":14.1641845703125},"rotation":{"x":0.007809530943632126,"y":-0.004505114164203405,"z":0.000035143628338119015,"w":0.9999613165855408},"size":646.006103515625,"orthographic":false}