{"cameraMode":{"drawMode":0,"name":"Shaded","section":"Shading Mode"},"sceneLighting":false,"audioPlay":false,"sceneViewState":{"showFog":true,"showMaterialUpdate":false,"showSkybox":true,"showFlares":true,"showImageEffects":true,"showParticleSystems":true},"in2DMode":false,"pivot":{"x":-7.305908203125,"y":-0.91973876953125,"z":0.53125},"rotation":{"x":-0.006307531613856554,"y":0.027594290673732759,"z":-0.000170579383848235,"w":-0.9996148347854614},"size":21.749406814575197,"orthographic":true}