{"cameraMode":{"drawMode":0,"name":"Shaded","section":"Shading Mode"},"sceneLighting":false,"audioPlay":false,"sceneViewState":{"showFog":true,"showMaterialUpdate":false,"showSkybox":true,"showFlares":true,"showImageEffects":true,"showParticleSystems":true},"in2DMode":false,"pivot":{"x":-0.21182020008563996,"y":-0.19128526747226716,"z":-0.02160811424255371},"rotation":{"x":-0.001809681416489184,"y":-0.0024027423933148386,"z":0.0000044273569983488418,"w":-0.9999962449073792},"size":2.4941389560699465,"orthographic":false}