{"cameraMode":{"drawMode":0,"name":"Shaded","section":"Shading Mode"},"sceneLighting":true,"audioPlay":false,"sceneViewState":{"showFog":true,"showMaterialUpdate":false,"showSkybox":true,"showFlares":true,"showImageEffects":true,"showParticleSystems":true},"in2DMode":false,"pivot":{"x":3.4700927734375,"y":1.06982421875,"z":-0.826171875},"rotation":{"x":0.07455404847860336,"y":0.04246636852622032,"z":0.0031780414283275606,"w":-0.9963186383247376},"size":15.205670356750489,"orthographic":true}