{"cameraMode":{"drawMode":0,"name":"Shaded","section":"Shading Mode"},"sceneLighting":true,"audioPlay":false,"sceneViewState":{"showFog":true,"showMaterialUpdate":false,"showSkybox":true,"showFlares":true,"showImageEffects":true,"showParticleSystems":true},"in2DMode":false,"pivot":{"x":-5.200649261474609,"y":7.0701904296875,"z":0.515625},"rotation":{"x":-0.019808510318398477,"y":0.0005974050727672875,"z":-0.000010562623174337205,"w":-0.9998121857643127},"size":19.314598083496095,"orthographic":true}