{"cameraMode":{"drawMode":0,"name":"Shaded","section":"Shading Mode"},"sceneLighting":false,"audioPlay":false,"sceneViewState":{"showFog":true,"showMaterialUpdate":false,"showSkybox":true,"showFlares":true,"showImageEffects":true,"showParticleSystems":true},"in2DMode":false,"pivot":{"x":-10.823820114135743,"y":-3.9418749809265138,"z":0.0},"rotation":{"x":-0.010805719532072544,"y":0.02759324200451374,"z":-0.0002947592583950609,"w":-0.9995763301849365},"size":12.07689094543457,"orthographic":true}