{"cameraMode":{"drawMode":0,"name":"Shaded","section":"Shading Mode"},"sceneLighting":false,"audioPlay":false,"sceneViewState":{"showFog":true,"showMaterialUpdate":false,"showSkybox":true,"showFlares":true,"showImageEffects":true,"showParticleSystems":true},"in2DMode":false,"pivot":{"x":-0.3018702268600464,"y":0.1368270069360733,"z":-0.015848636627197267},"rotation":{"x":-0.06623869389295578,"y":0.026037033647298814,"z":-0.0017288653180003167,"w":-0.9974645972251892},"size":2.404993772506714,"orthographic":false}