{"cameraMode":{"drawMode":0,"name":"Shaded","section":"Shading Mode"},"sceneLighting":false,"audioPlay":false,"sceneViewState":{"showFog":true,"showMaterialUpdate":false,"showSkybox":true,"showFlares":true,"showImageEffects":true,"showParticleSystems":true},"in2DMode":false,"pivot":{"x":-0.09802882373332977,"y":0.4641176462173462,"z":0.0022132396697998049},"rotation":{"x":-0.021307390183210374,"y":0.00809540692716837,"z":-0.00017192677478305995,"w":-0.9997434020042419},"size":2.2202022075653078,"orthographic":false}