{"cameraMode":{"drawMode":0,"name":"Shaded","section":"Shading Mode"},"sceneLighting":true,"audioPlay":false,"sceneViewState":{"showFog":true,"showMaterialUpdate":false,"showSkybox":true,"showFlares":true,"showImageEffects":true,"showParticleSystems":true},"in2DMode":false,"pivot":{"x":0.28077980875968935,"y":-0.6795482635498047,"z":-0.4923887252807617},"rotation":{"x":-0.004809089004993439,"y":-0.01440196018666029,"z":0.00006964767089812085,"w":-0.9998921155929565},"size":14.848790168762207,"orthographic":true}