{"cameraMode":{"drawMode":0,"name":"Shaded","section":"Shading Mode"},"sceneLighting":true,"audioPlay":false,"sceneViewState":{"showFog":true,"showMaterialUpdate":false,"showSkybox":true,"showFlares":true,"showImageEffects":true,"showParticleSystems":true},"in2DMode":false,"pivot":{"x":0.1705322265625,"y":2.485595703125,"z":-6.8046875},"rotation":{"x":-0.06027408316731453,"y":0.0005967924371361733,"z":-0.00003481207022559829,"w":-0.998196005821228},"size":16.24291229248047,"orthographic":true}