{"cameraMode":{"drawMode":0,"name":"Shaded","section":"Shading Mode"},"sceneLighting":false,"audioPlay":false,"sceneViewState":{"showFog":true,"showMaterialUpdate":false,"showSkybox":true,"showFlares":true,"showImageEffects":true,"showParticleSystems":true},"in2DMode":false,"pivot":{"x":-0.1123046875,"y":-2.20953369140625,"z":1.09765625},"rotation":{"x":-0.003302835626527667,"y":0.06505225598812103,"z":-0.000214063809835352,"w":-0.9978895783424377},"size":19.154056549072267,"orthographic":true}