{"cameraMode":{"drawMode":0,"name":"Shaded","section":"Shading Mode"},"sceneLighting":true,"audioPlay":false,"sceneViewState":{"showFog":true,"showMaterialUpdate":false,"showSkybox":true,"showFlares":true,"showImageEffects":true,"showParticleSystems":true},"in2DMode":false,"pivot":{"x":-3.298553466796875,"y":-3.2774810791015627,"z":-2.04296875},"rotation":{"x":0.008689599111676216,"y":0.012597162276506424,"z":0.00011120062845293432,"w":-0.9998977780342102},"size":11.572690963745118,"orthographic":true}