{"cameraMode":{"drawMode":0,"name":"Shaded","section":"Shading Mode"},"sceneLighting":false,"audioPlay":false,"sceneViewState":{"showFog":true,"showMaterialUpdate":false,"showSkybox":true,"showFlares":true,"showImageEffects":true,"showParticleSystems":true},"in2DMode":false,"pivot":{"x":-9.15789794921875,"y":5.2744140625,"z":-5.93359375},"rotation":{"x":-0.05278530716896057,"y":0.005090976599603891,"z":-0.00026557230739854276,"w":-0.99860680103302},"size":49.83833694458008,"orthographic":true}