{"cameraMode":{"drawMode":0,"name":"Shaded","section":"Shading Mode"},"sceneLighting":false,"audioPlay":false,"sceneViewState":{"showFog":true,"showMaterialUpdate":false,"showSkybox":true,"showFlares":true,"showImageEffects":true,"showParticleSystems":true},"in2DMode":false,"pivot":{"x":-9.7757568359375,"y":7.0267791748046879,"z":1.900390625},"rotation":{"x":-0.006307531613856554,"y":0.027594290673732759,"z":-0.000170579383848235,"w":-0.9996148347854614},"size":6.161678791046143,"orthographic":true}