{"cameraMode":{"drawMode":0,"name":"Shaded","section":"Shading Mode"},"sceneLighting":false,"audioPlay":false,"sceneViewState":{"showFog":true,"showMaterialUpdate":false,"showSkybox":true,"showFlares":true,"showImageEffects":true,"showParticleSystems":true},"in2DMode":false,"pivot":{"x":0.07476806640625,"y":-0.8843173980712891,"z":0.0322265625},"rotation":{"x":-0.003302835626527667,"y":0.06505225598812103,"z":-0.000214063809835352,"w":-0.9978895783424377},"size":13.767335891723633,"orthographic":true}