{"cameraMode":{"drawMode":0,"name":"Shaded","section":"Shading Mode"},"sceneLighting":true,"audioPlay":false,"sceneViewState":{"showFog":true,"showMaterialUpdate":false,"showSkybox":true,"showFlares":true,"showImageEffects":true,"showParticleSystems":true},"in2DMode":false,"pivot":{"x":190.7890625,"y":10.95233154296875,"z":46.07421875},"rotation":{"x":-0.003302835626527667,"y":0.06505225598812103,"z":-0.000214063809835352,"w":-0.9978895783424377},"size":26.727462768554689,"orthographic":true}