{"cameraMode":{"drawMode":0,"name":"Shaded","section":"Shading Mode"},"sceneLighting":false,"audioPlay":false,"sceneViewState":{"showFog":true,"showMaterialUpdate":false,"showSkybox":true,"showFlares":true,"showImageEffects":true,"showParticleSystems":true},"in2DMode":false,"pivot":{"x":-0.13304689526557923,"y":-0.16149462759494782,"z":-0.004646778106689453},"rotation":{"x":-0.013809146359562874,"y":0.0005975518724881113,"z":-0.000007762237146380357,"w":-0.9999115467071533},"size":5.472594261169434,"orthographic":false}