{"cameraMode":{"drawMode":0,"name":"Shaded","section":"Shading Mode"},"sceneLighting":false,"audioPlay":false,"sceneViewState":{"showFog":true,"showMaterialUpdate":false,"showSkybox":true,"showFlares":true,"showImageEffects":true,"showParticleSystems":true},"in2DMode":false,"pivot":{"x":0.2783910632133484,"y":-0.14749161899089814,"z":-0.0009701251983642578},"rotation":{"x":0.003309615422040224,"y":-0.000004651236395147862,"z":2.469398339144391e-7,"w":0.9999961256980896},"size":2.172194242477417,"orthographic":false}