{"cameraMode":{"drawMode":0,"name":"Shaded","section":"Shading Mode"},"sceneLighting":false,"audioPlay":false,"sceneViewState":{"showFog":true,"showMaterialUpdate":false,"showSkybox":true,"showFlares":true,"showImageEffects":true,"showParticleSystems":true},"in2DMode":false,"pivot":{"x":-0.09553053975105286,"y":0.23629625141620637,"z":-0.00341835618019104},"rotation":{"x":-0.04466835781931877,"y":-0.01798572577536106,"z":-0.0008042692206799984,"w":0.9988418221473694},"size":2.471991777420044,"orthographic":false}