{"cameraMode":{"drawMode":0,"name":"Shaded","section":"Shading Mode"},"sceneLighting":false,"audioPlay":false,"sceneViewState":{"showFog":true,"showMaterialUpdate":false,"showSkybox":true,"showFlares":true,"showImageEffects":true,"showParticleSystems":true},"in2DMode":false,"pivot":{"x":0.7388288974761963,"y":0.5909395813941956,"z":0.0039463043212890629},"rotation":{"x":0.003309615422040224,"y":-0.000004651236395147862,"z":2.469398339144391e-7,"w":0.9999961256980896},"size":8.130988121032715,"orthographic":false}