{"cameraMode":{"drawMode":0,"name":"Shaded","section":"Shading Mode"},"sceneLighting":false,"audioPlay":false,"sceneViewState":{"showFog":true,"showMaterialUpdate":false,"showSkybox":true,"showFlares":true,"showImageEffects":true,"showParticleSystems":true},"in2DMode":false,"pivot":{"x":0.210184246301651,"y":-0.47520357370376589,"z":-0.003143787384033203},"rotation":{"x":0.003309615422040224,"y":-0.000004651236395147862,"z":2.469398339144391e-7,"w":0.9999961256980896},"size":4.845234394073486,"orthographic":false}